"Hugo_Symbol","Chromosome","Start_Position","End_Position","Variant_Classification","HGVSp_Short","Reference_Allele","Tumor_Seq_Allele2","ExAC_AF","Hotspot","DMP","CH","duplex_support_num","DA-ret-041-pl-T01_IGO_05500_FF_26___duplex.called","DA-ret-041-pl-T01_IGO_05500_FF_26___total","DA-ret-041-pl-T02_IGO_05500_FF_27___duplex.called","DA-ret-041-pl-T02_IGO_05500_FF_27___total","DA-ret-041-pl-T03_IGO_05500_FF_28___duplex.called","DA-ret-041-pl-T03_IGO_05500_FF_28___total","P-0022380-N01-IM6___normal_DMP","P-0022380-T01-IM6___Tumor","P-0022380-T02-IM6___Tumor","P-0022380-T03-IM6___Tumor","call_confidence"
"AR","X",66765173,66765173,"Missense_Mutation","p.Q62L","A","T",5.261e-05,NA,"Signed out",NA,2,"Not Called","0/791(0)","Not Called","0/687(0)","Not Called","0/974(0)","4/226(0.0177)","3/94(0.0319)","13/292(0.0445)","18/324(0.0556)",""
"BCOR","X",39934144,39934144,"Missense_Mutation","p.P152L","G","A",0.0001036,NA,"Signed out",NA,NA,"Not Covered","0/0(NaN)","Not Covered","0/0(NaN)","Not Covered","0/0(NaN)","0/725(0)","26/429(0.0606)","103/898(0.1147)","123/900(0.1367)",""
"CSDE1","1",115280684,115280685,"Frame_Shift_Ins","p.E116Gfs*3","-","C",NA,NA,"Signed out",NA,NA,"Not Covered","0/0(NaN)","Not Covered","0/0(NaN)","Not Covered","0/0(NaN)","0/577(0)","0/375(0)","8/725(0.011)","132/620(0.2129)",""
"CUL3","2",225370674,225370674,"Missense_Mutation","p.G402E","C","T",NA,NA,"Signed out",NA,NA,"Not Covered","0/0(NaN)","Not Covered","0/0(NaN)","Not Covered","0/0(NaN)","0/364(0)","0/172(0)","54/627(0.0861)","41/323(0.1269)",""
"EZH1","17",40872362,40872362,"Missense_Mutation","p.S198L","G","A",NA,NA,"Signed out",NA,NA,"Not Covered","0/0(NaN)","Not Covered","0/0(NaN)","Not Covered","0/0(NaN)","0/890(0)","124/580(0.2138)","236/1277(0.1848)","138/896(0.154)",""
"FGFR2","10",123324067,123324067,"Missense_Mutation","p.D135Y","C","A",NA,NA,"Signed out",NA,NA,"Not Covered","0/0(NaN)","Not Covered","0/0(NaN)","Not Covered","0/0(NaN)","0/638(0)","0/317(0)","83/903(0.0919)","100/709(0.141)",""
"FYN","6",112024096,112024096,"Missense_Mutation","p.H230L","T","A",NA,NA,"Signed out",NA,NA,"Not Covered","0/0(NaN)","Not Covered","0/0(NaN)","Not Covered","0/0(NaN)","0/581(0)","0/240(0)","83/783(0.106)","95/579(0.1641)",""
"INHBA","7",41729399,41729399,"Missense_Mutation","p.R377H","C","T",NA,NA,"Signed out",NA,NA,"Not Covered","0/0(NaN)","Not Covered","0/0(NaN)","Not Covered","0/0(NaN)","0/677(0)","74/450(0.1644)","140/994(0.1408)","134/857(0.1564)",""
"KMT2D","12",49426682,49426682,"Nonsense_Mutation","p.Q3936*","G","A",NA,NA,"Signed out",NA,NA,"Not Covered","0/1(0)","Not Covered","0/0(NaN)","Not Covered","0/0(NaN)","0/429(0)","1/274(0.0036)","9/481(0.0187)","63/402(0.1567)",""
"NOTCH3","19",15272105,15272105,"Missense_Mutation","p.G2112S","C","T",2.005e-05,NA,"Signed out",NA,NA,"Not Covered","0/0(NaN)","Not Covered","0/0(NaN)","Not Covered","0/0(NaN)","1/727(0.0014)","3/436(0.0069)","123/1083(0.1136)","138/837(0.1649)",""
"PGR","11",100933337,100933337,"Missense_Mutation","p.P685S","G","A",9.415e-06,NA,"Signed out",NA,NA,"Not Covered","0/0(NaN)","Not Covered","0/0(NaN)","Not Covered","0/0(NaN)","0/660(0)","80/516(0.155)","231/1154(0.2002)","124/898(0.1381)",""
"PRKCI","3",169998189,169998189,"Missense_Mutation","p.E294Q","G","C",NA,NA,"Signed out",NA,NA,"Not Covered","0/0(NaN)","Not Covered","0/0(NaN)","Not Covered","0/0(NaN)","0/701(0)","39/362(0.1077)","110/1041(0.1057)","92/791(0.1163)",""
"PTEN","10",89720850,89720872,"Frame_Shift_Del","p.N334Kfs*19","ACCGATACTTTTCTCCAAATTTT","-",NA,NA,"Signed out",NA,NA,"Not Called","0/383(0)","Not Called","0/1023(0)","Not Called","0/665(0)","0/409(0)","0/313(0)","0/752(0)","54/536(0.1007)",""
"PTPRD","9",8517878,8517878,"Missense_Mutation","p.S505C","T","A",NA,NA,"Signed out",NA,NA,"Not Covered","0/0(NaN)","Not Covered","0/0(NaN)","Not Covered","0/0(NaN)","0/418(0)","0/127(0)","24/436(0.055)","0/314(0)",""
"TP53","17",7577095,7577095,"Missense_Mutation","p.D281E","G","T",NA,"Hotspot","Signed out","Yes",NA,"Called","25/1508(0.0166)","Not Called","1/1877(5e-04)","Genotyped","1/2043(5e-04)","0/767(0)","139/605(0.2298)","284/1102(0.2577)","307/919(0.3341)",""
