"Hugo_Symbol","Chromosome","Start_Position","End_Position","Variant_Classification","HGVSp_Short","Reference_Allele","Tumor_Seq_Allele2","ExAC_AF","Hotspot","DMP","CH","duplex_support_num","C-4YT24X-L001-d___duplex.called","C-4YT24X-L001-d___total","C-4YT24X-L002-d___duplex.called","C-4YT24X-L002-d___total","C-4YT24X-L003-d___duplex.called","C-4YT24X-L003-d___total","C-4YT24X-L004-d___duplex.called","C-4YT24X-L004-d___total","C-4YT24X-L005-d___duplex.called","C-4YT24X-L005-d___total","C-4YT24X-L006-d___duplex.called","C-4YT24X-L006-d___total","C-4YT24X-L007-d___duplex.called","C-4YT24X-L007-d___total","P-0025100-N01-IM6___normal_DMP","P-0025100-T01-IM6___Tumor","P-0025100-T02-IM6___Tumor","call_confidence"
"ARID1A","1",27023501,27023501,"Missense_Mutation","p.H203Y","C","T",NA,NA,"Signed out",NA,NA,"Called","56/1091(0.0513)","Called","27/762(0.0354)","Called","44/1051(0.0419)","Genotyped","6/870(0.0069)","Not Called","0/898(0)","Called","48/877(0.0547)","Genotyped","1/999(0.001)","0/477(0)","89/665(0.1338)","81/907(0.0893)",""
"BCL2","18",60985571,60985571,"Missense_Mutation","p.R110H","C","T",NA,NA,"Signed out",NA,NA,"Called","111/1794(0.0619)","Called","35/1473(0.0238)","Called","55/1701(0.0323)","Not Called","5/1713(0.0029)","Not Called","4/1743(0.0023)","Called","64/1653(0.0387)","Not Called","0/1471(0)","1/338(0.003)","45/441(0.102)","89/485(0.1835)",""
"BRAF","7",140453155,140453155,"Missense_Mutation","p.D594N","C","T",NA,"Hotspot",NA,"Yes",NA,"Not Called","0/1798(0)","Not Called","0/1597(0)","Not Called","0/1656(0)","Not Called","0/1642(0)","Not Called","0/1768(0)","Not Called","1/2321(4e-04)","Called","2/1815(0.0011)","0/438(0)","1/795(0.0013)","0/347(0)",""
"BRCA2","13",32913878,32913878,"Missense_Mutation","p.D1796H","G","C",NA,NA,"Signed out",NA,NA,"Called","140/1536(0.0911)","Called","57/1575(0.0362)","Called","79/1524(0.0518)","Called","9/1683(0.0053)","Called","12/1751(0.0069)","Called","127/1952(0.0651)","Not Called","0/1662(0)","0/484(0)","69/683(0.101)","75/324(0.2315)",""
"EIF1AX","X",20159743,20159743,"Missense_Mutation","p.G6R","C","G",NA,"Hotspot",NA,NA,NA,"Not Called","0/466(0)","Not Called","0/384(0)","Not Called","0/420(0)","Not Called","0/379(0)","Not Called","0/422(0)","Called","14/439(0.0319)","Called","3/449(0.0067)","0/419(0)","0/542(0)","0/761(0)",""
"GATA3","10",8115721,8115721,"Missense_Mutation","p.M356K","T","A",NA,NA,NA,NA,NA,"Not Called","2/1960(0.001)","Not Called","1/1594(6e-04)","Not Called","2/1682(0.0012)","Not Called","0/1758(0)","Not Called","1/1982(5e-04)","Called","5/2004(0.0025)","Called","5/1847(0.0027)","0/286(0)","0/518(0)","0/430(0)",""
"IGF1","12",102869496,102869496,"Missense_Mutation","p.G49R","C","T",NA,NA,"Signed out",NA,NA,"Not Covered","0/0(NaN)","Not Covered","0/0(NaN)","Not Covered","0/0(NaN)","Not Covered","0/2(0)","Not Covered","0/0(NaN)","Not Covered","0/0(NaN)","Not Covered","0/0(NaN)","2/408(0.0049)","26/617(0.0421)","104/602(0.1728)",""
"KDM5C","X",53227784,53227784,"Frame_Shift_Del","p.R802Vfs*14","G","-",NA,NA,"Signed out",NA,NA,"Not Covered","0/0(NaN)","Not Covered","0/0(NaN)","Not Covered","0/0(NaN)","Not Covered","0/0(NaN)","Not Covered","0/1(0)","Not Covered","0/0(NaN)","Not Covered","0/0(NaN)","0/600(0)","93/865(0.1075)","168/785(0.214)",""
"MSH6","2",48033988,48033988,"Missense_Mutation","p.K1358E","A","G",NA,NA,NA,NA,NA,"Called","19/1303(0.0146)","Called","17/1209(0.0141)","Not Called","10/1324(0.0076)","Not Called","11/1323(0.0083)","Called","24/1348(0.0178)","Not Called","17/1734(0.0098)","Not Called","12/1560(0.0077)","4/434(0.0092)","2/740(0.0027)","1/454(0.0022)",""
"PIK3CG","7",106508977,106508977,"Missense_Mutation","p.P324L","C","T",NA,NA,"Signed out",NA,NA,"Not Covered","0/0(NaN)","Not Covered","0/0(NaN)","Not Covered","0/0(NaN)","Not Covered","0/0(NaN)","Not Covered","0/0(NaN)","Not Covered","0/0(NaN)","Not Covered","0/0(NaN)","0/313(0)","0/572(0)","59/936(0.063)",""
"PMS2","7",6037055,6037055,"Splice_Site","p.X236_splice","C","-",NA,NA,NA,NA,NA,"Not Called","12/942(0.0127)","Not Called","1/882(0.0011)","Called","11/841(0.0131)","Not Called","14/959(0.0146)","Called","10/907(0.011)","Called","24/1217(0.0197)","Called","12/916(0.0131)","0/301(0)","0/496(0)","1/473(0.0021)",""
"PMS2","7",6037056,6037056,"Splice_Site","p.X236_splice","T","-",NA,NA,NA,NA,NA,"Not Called","7/945(0.0074)","Not Called","11/884(0.0124)","Not Called","2/841(0.0024)","Not Called","4/955(0.0042)","Not Called","2/905(0.0022)","Called","16/1214(0.0132)","Not Called","8/921(0.0087)","0/309(0)","0/526(0)","2/510(0.0039)",""
"TP53","17",7577120,7577120,"Missense_Mutation","p.R273L","C","A",NA,"Hotspot",NA,"Yes",NA,"Not Called","0/1921(0)","Not Called","1/1732(6e-04)","Not Called","0/1743(0)","Not Called","0/1739(0)","Not Called","0/2029(0)","Called","10/2046(0.0049)","Not Called","4/1805(0.0022)","1/556(0.0018)","0/782(0)","1/799(0.0013)",""
"TP53","17",7577498,7577498,"Splice_Site","p.X261_splice","C","T",NA,"Hotspot",NA,"Yes",NA,"Not Called","1/1557(6e-04)","Not Called","0/1214(0)","Not Called","0/1279(0)","Not Called","0/1148(0)","Not Called","0/1332(0)","Called","8/1466(0.0055)","Not Called","3/1414(0.0021)","1/535(0.0019)","2/646(0.0031)","0/815(0)",""
"ZRSR2","X",15841123,15841124,"Frame_Shift_Ins","p.K405Efs*23","-","G",NA,NA,"Signed out",NA,NA,"Not Covered","0/0(NaN)","Not Covered","0/0(NaN)","Not Covered","0/0(NaN)","Not Covered","0/0(NaN)","Not Covered","0/0(NaN)","Not Covered","0/0(NaN)","Not Covered","0/0(NaN)","0/520(0)","81/693(0.1169)","114/582(0.1959)",""
